,primary_title,runtime_minutes,id,release_date,movie,production_budget,domestic_gross,worldwide_gross,profit
0,Piranha 3D,88.0,52,"Aug 20, 2010",Piranha 3D,24000000.0,"$25,003,155",83660160.0,59660160.0
1,Priest,87.0,29,"May 13, 2011",Priest,60000000.0,"$29,136,626",84154026.0,24154026.0
2,Red State,88.0,22,"Sep 23, 2011",Red State,4000000.0,"$1,065,429",1983596.0,-2016404.0
3,Please Give,87.0,15,"Apr 30, 2010",Please Give,3000000.0,"$4,033,574",4570178.0,1570178.0
4,The Dead Undead,89.0,7,"Dec 31, 2010",The Dead Undead,1100000.0,$0,0.0,-1100000.0
5,Get Real,45.0,38,"Apr 30, 1999",Get Real,2000000.0,"$1,152,411",1152411.0,-847589.0
6,Believe,16.0,13,"Dec 2, 2016",Believe,3500000.0,"$890,303",890303.0,-2609697.0
7,Empire,83.0,96,"Dec 6, 2002",Empire,3500000.0,"$17,504,595",18495444.0,14995444.0
8,The Wild,65.0,92,"Apr 14, 2006",The Wild,80000000.0,"$37,384,046",99010667.0,19010667.0
9,Underdogs,65.0,41,"Aug 16, 2013",Underdogs,2500000.0,"$35,017",1392649.0,-1107351.0
10,Jack,82.0,79,"Aug 9, 1996",Jack,45000000.0,"$58,617,334",58617334.0,13617334.0
11,Smoke Signals,75.0,7,"Jun 26, 1998",Smoke Signals,2000000.0,"$6,719,300",7756617.0,5756617.0
12,Midnight in Paris,75.0,83,"May 20, 2011",Midnight in Paris,30000000.0,"$56,816,662",162502774.0,132502774.0
13,Jonah Hex,81.0,40,"Jun 18, 2010",Jonah Hex,47000000.0,"$10,547,117",11022696.0,-35977304.0
14,The Belko Experiment,89.0,21,"Mar 17, 2017",The Belko Experiment,5000000.0,"$10,166,820",11792942.0,6792942.0
15,Frankenweenie,87.0,48,"Oct 5, 2012",Frankenweenie,39000000.0,"$35,287,788",81150788.0,42150788.0
16,Beastly,86.0,87,"Mar 4, 2011",Beastly,17000000.0,"$27,865,571",38028230.0,21028230.0
17,Gracie,71.0,2,"Jun 1, 2007",Gracie,9000000.0,"$2,956,339",3922043.0,-5077957.0
18,Ouija,89.0,60,"Oct 24, 2014",Ouija,5000000.0,"$50,856,010",103300632.0,98300632.0
19,Daylight,75.0,95,"Dec 6, 1996",Daylight,80000000.0,"$32,908,290",158908290.0,78908290.0
20,Date Night,88.0,99,"Apr 9, 2010",Date Night,55000000.0,"$98,711,404",152269033.0,97269033.0
21,The Strangers: Prey at Night,85.0,79,"Mar 9, 2018",The Strangers: Prey at Night,5000000.0,"$24,431,472",29960051.0,24960051.0
22,Cats & Dogs: The Revenge of Kitty Galore,82.0,17,"Jul 30, 2010",Cats & Dogs: The Revenge of Kitty Galore,85000000.0,"$43,585,753",113026383.0,28026383.0
23,The FP,82.0,12,"Mar 16, 2012",The FP,60000.0,$0,0.0,-60000.0
24,Yogi Bear,80.0,62,"Dec 17, 2010",Yogi Bear,80000000.0,"$100,246,011",204774690.0,124774690.0
25,Mars Needs Moms,88.0,94,"Mar 11, 2011",Mars Needs Moms,150000000.0,"$21,392,758",39549758.0,-110450242.0
26,3 Backyards,88.0,51,"Mar 11, 2011",3 Backyards,300000.0,"$39,475",39475.0,-260525.0
27,The Last Exorcism,87.0,15,"Aug 27, 2010",The Last Exorcism,1800000.0,"$41,034,350",70165900.0,68365900.0
28,Gulliver's Travels,85.0,13,"Dec 25, 2010",Gulliver's Travels,112000000.0,"$42,779,261",232017848.0,120017848.0
29,Cyrus,87.0,27,"Jun 18, 2010",Cyrus,7000000.0,"$7,468,936",10062896.0,3062896.0
30,The Apostle,80.0,86,"Dec 17, 1997",The Apostle,5000000.0,"$20,733,485",21277770.0,16277770.0
31,Bad Company,87.0,34,"Jun 7, 2002",Bad Company,70000000.0,"$30,157,016",69157016.0,-842984.0
32,The Sitter,81.0,32,"Dec 9, 2011",The Sitter,25000000.0,"$30,542,576",38749404.0,13749404.0
33,The Awakening,83.0,4,"Aug 17, 2012",The Awakening,4900000.0,"$95,933",6924321.0,2024321.0
34,Gunless,89.0,49,"Apr 30, 2010",Gunless,9900000.0,"$458,054",458054.0,-9441946.0
35,Marmaduke,87.0,59,"Jun 4, 2010",Marmaduke,50000000.0,"$33,644,788",89895930.0,39895930.0
36,Table 19,87.0,45,"Mar 3, 2017",Table 19,5000000.0,"$3,614,896",4620399.0,-379601.0
37,Hansel & Gretel: Witch Hunters,88.0,27,"Jan 25, 2013",Hansel & Gretel: Witch Hunters,50000000.0,"$55,703,475",214949716.0,164949716.0
38,The Pirates! Band of Misfits,88.0,34,"Apr 27, 2012",The Pirates! Band of Misfits,55000000.0,"$31,051,126",136143605.0,81143605.0
39,Sleeper,86.0,92,"Dec 17, 1973",Sleeper,2000000.0,"$18,344,729",18344729.0,16344729.0
40,The Apparition,83.0,4,"Aug 24, 2012",The Apparition,17000000.0,"$4,936,819",10637281.0,-6362719.0
41,Firestorm,54.0,47,"Jan 9, 1998",Firestorm,19000000.0,"$8,123,860",8123860.0,-10876140.0
42,My Girlfriend's Boyfriend,84.0,26,"May 1, 2010",My Girlfriend's Boyfriend,1400000.0,$0,0.0,-1400000.0
43,Winnie the Pooh,63.0,39,"Jul 15, 2011",Winnie the Pooh,30000000.0,"$26,692,846",50145607.0,20145607.0
44,Henry & Me,67.0,91,"Aug 18, 2014",Henry & Me,5000000.0,$0,0.0,-5000000.0
45,Dream House,84.0,80,"Sep 30, 2011",Dream House,50000000.0,"$21,302,340",41642166.0,-8357834.0
46,Cedar Rapids,87.0,51,"Feb 11, 2011",Cedar Rapids,10000000.0,"$6,861,102",7862131.0,-2137869.0
47,Attack the Block,88.0,7,"Jul 29, 2011",Attack the Block,13000000.0,"$1,024,175",6459183.0,-6540817.0
48,8: The Mormon Proposition,80.0,38,"Jun 18, 2010",8: The Mormon Proposition,2500000.0,"$100,280",100280.0,-2399720.0
49,Khumba,85.0,54,"Dec 6, 2013",Khumba,15000000.0,$0,20898221.0,5898221.0
50,Zambezia,83.0,8,"Dec 31, 2012",Zambezia,20000000.0,$0,34454336.0,14454336.0
51,Red River,77.0,97,"Aug 26, 1948",Red River,3000000.0,"$9,012,000",9012000.0,6012000.0
52,Vampires,88.0,92,"Oct 30, 1998",Vampires,20000000.0,"$20,268,825",20268825.0,268825.0
53,Cargo,85.0,73,"Oct 21, 2011",Cargo,4200000.0,$0,313230.0,-3886770.0
54,Sea Rex 3D: Journey to a Prehistoric World,41.0,31,"May 28, 2010",Sea Rex 3D: Journey to a Prehistoric World,5000000.0,"$6,096,582",16515203.0,11515203.0
55,Blair Witch,89.0,1,"Sep 16, 2016",Blair Witch,10000000.0,"$20,777,061",38985577.0,28985577.0
56,Point Blank,81.0,69,"Sep 18, 1967",Point Blank,3000000.0,$0,0.0,-3000000.0
57,Without Men,87.0,14,"Dec 31, 2011",Without Men,4700000.0,$0,0.0,-4700000.0
58,The Devil Inside,83.0,12,"Jan 6, 2012",The Devil Inside,1000000.0,"$53,262,945",101759490.0,100759490.0
59,Contact,79.0,52,"Jul 11, 1997",Contact,90000000.0,"$100,920,329",165900000.0,75900000.0
60,Race,59.0,90,"Feb 19, 2016",Race,5000000.0,"$19,115,191",23745772.0,18745772.0
61,Skin Trade,78.0,19,"May 8, 2015",Skin Trade,9000000.0,"$1,242",1242.0,-8998758.0
62,"Jeff, Who Lives at Home",83.0,65,"Mar 16, 2012","Jeff, Who Lives at Home",10000000.0,"$4,269,426",4708127.0,-5291873.0
63,The Other Dream Team,89.0,53,"Sep 28, 2012",The Other Dream Team,500000.0,"$134,109",314444.0,-185556.0
64,Three Kings,65.0,22,"Oct 1, 1999",Three Kings,48000000.0,"$60,652,036",107752036.0,59752036.0
65,Re-Kill,88.0,59,"Dec 31, 2013",Re-Kill,9500000.0,$0,0.0,-9500000.0
66,Rubber,82.0,55,"Apr 1, 2011",Rubber,500000.0,"$100,370",680914.0,180914.0
67,Alvin and the Chipmunks: Chipwrecked,87.0,49,"Dec 16, 2011",Alvin and the Chipmunks: Chipwrecked,80000000.0,"$133,107,389",349088523.0,269088523.0
68,30 Minutes or Less,83.0,60,"Aug 12, 2011",30 Minutes or Less,28000000.0,"$37,053,924",40966716.0,12966716.0
69,Dragonslayer,74.0,26,"Jun 26, 1981",Dragonslayer,18000000.0,"$6,000,000",6000000.0,-12000000.0
70,The Intern,65.0,6,"Sep 25, 2015",The Intern,40000000.0,"$75,764,672",197115710.0,157115710.0
71,Project X,88.0,58,"Mar 2, 2012",Project X,12000000.0,"$54,731,865",103028188.0,91028188.0
72,Hobo with a Shotgun,86.0,33,"May 6, 2011",Hobo with a Shotgun,3000000.0,"$703,372",834953.0,-2165047.0
73,The Art of Getting By,83.0,20,"Jun 17, 2011",The Art of Getting By,4000000.0,"$1,430,241",1989035.0,-2010965.0
74,The Dictator,83.0,96,"May 16, 2012",The Dictator,65000000.0,"$59,650,222",180148897.0,115148897.0
75,The Comedian,79.0,35,"Feb 3, 2017",The Comedian,15000000.0,"$1,658,706",1658706.0,-13341294.0
76,Fun Size,86.0,10,"Oct 26, 2012",Fun Size,14000000.0,"$9,409,538",11166615.0,-2833385.0
77,Christmas Mail,89.0,45,"Dec 31, 2010",Christmas Mail,2500000.0,$0,0.0,-2500000.0
78,Middle Men,82.0,94,"Aug 6, 2010",Middle Men,20000000.0,"$754,301",754301.0,-19245699.0
79,Vampires Suck,82.0,49,"Aug 18, 2010",Vampires Suck,20000000.0,"$36,661,504",81424988.0,61424988.0
80,Ice Age: Continental Drift,88.0,14,"Jul 13, 2012",Ice Age: Continental Drift,95000000.0,"$161,321,843",879765137.0,784765137.0
81,Home Run,82.0,66,"Apr 19, 2013",Home Run,1200000.0,"$2,859,955",2859955.0,1659955.0
82,The One,89.0,10,"Nov 2, 2001",The One,49000000.0,"$43,905,746",72689126.0,23689126.0
83,Saving Grace,85.0,95,"Aug 4, 2000",Saving Grace,4000000.0,"$12,178,602",27786849.0,23786849.0
84,High Road,87.0,28,"Mar 6, 2012",High Road,546173.0,$0,0.0,-546173.0
85,The Virginity Hit,86.0,44,"Sep 24, 2010",The Virginity Hit,2000000.0,"$636,706",636706.0,-1363294.0
86,"Alexander and the Terrible, Horrible, No Good, Very Bad Day",81.0,44,"Oct 10, 2014","Alexander and the Terrible, Horrible, No Good, Very Bad Day",28000000.0,"$66,954,149",101379287.0,73379287.0
87,Sausage Party,89.0,28,"Aug 12, 2016",Sausage Party,19000000.0,"$97,670,358",141344255.0,122344255.0
88,Casa de mi Padre,84.0,53,"Mar 16, 2012",Casa de mi Padre,6000000.0,"$5,909,483",8446952.0,2446952.0
89,Chronicle,84.0,55,"Feb 3, 2012",Chronicle,12000000.0,"$64,575,175",123681790.0,111681790.0
90,Raymond Did It,83.0,32,"Feb 11, 2011",Raymond Did It,40000.0,"$3,632",3632.0,-36368.0
91,Vamps,89.0,79,"Nov 2, 2012",Vamps,16000000.0,"$3,361",94812.0,-15905188.0
92,50/50,77.0,73,"Sep 30, 2011",50/50,8000000.0,"$35,016,118",41334735.0,33334735.0
93,Wonderland,80.0,26,"Oct 3, 2003",Wonderland,5500000.0,"$1,060,512",1060512.0,-4439488.0
94,Last Man Standing,85.0,66,"Sep 20, 1996",Last Man Standing,67000000.0,"$18,115,927",18115927.0,-48884073.0
95,Open Secret,55.0,97,"Mar 25, 2015",Open Secret,100000.0,$0,0.0,-100000.0
96,I Don't Know How She Does It,89.0,58,"Sep 16, 2011",I Don't Know How She Does It,24000000.0,"$9,659,074",24474463.0,474463.0
97,Much Ado About Nothing,68.0,82,"May 7, 1993",Much Ado About Nothing,8000000.0,"$22,549,338",22549338.0,14549338.0
98,Sound of My Voice,85.0,68,"Apr 27, 2012",Sound of My Voice,135000.0,"$408,015",429448.0,294448.0
99,The Collection,82.0,52,"Nov 30, 2012",The Collection,10000000.0,"$6,810,754",8890094.0,-1109906.0
100,The Last Shot,47.0,36,"Sep 24, 2004",The Last Shot,40000000.0,"$463,730",463730.0,-39536270.0
101,Twixt,88.0,66,"Jul 23, 2013",Twixt,7000000.0,$0,1268346.0,-5731654.0
102,Like Crazy,86.0,74,"Oct 28, 2011",Like Crazy,250000.0,"$3,395,391",3728400.0,3478400.0
103,People Like Us,55.0,60,"Jun 29, 2012",People Like Us,16000000.0,"$12,431,792",12617472.0,-3382528.0
104,Subconscious,72.0,78,"Mar 10, 2015",Subconscious,500000.0,$0,0.0,-500000.0
105,Silent House,86.0,97,"Mar 9, 2012",Silent House,2000000.0,"$12,739,737",16610760.0,14610760.0
106,Apollo 18,86.0,94,"Sep 2, 2011",Apollo 18,5000000.0,"$17,686,929",26517819.0,21517819.0
107,The Curse of Downers Grove,89.0,98,"Aug 21, 2015",The Curse of Downers Grove,2000000.0,$0,0.0,-2000000.0
108,Trade of Innocents,88.0,3,"Oct 5, 2012",Trade of Innocents,5800000.0,"$15,091",15091.0,-5784909.0
109,A Star is Born,75.0,5,"Oct 5, 2018",A Star is Born,36000000.0,"$215,288,866",433449571.0,397449571.0
110,Virus,30.0,69,"Jan 15, 1999",Virus,75000000.0,"$14,010,690",30626690.0,-44373310.0
111,Paranormal Activity 3,83.0,51,"Oct 21, 2011",Paranormal Activity 3,5000000.0,"$104,028,807",207039844.0,202039844.0
112,Burn,86.0,10,"Jul 20, 2012",Burn,225000.0,"$1,109,276",1109276.0,884276.0
113,The Ridges,89.0,59,"Nov 25, 2011",The Ridges,17300.0,$0,0.0,-17300.0
114,This Is Martin Bonner,83.0,29,"Jun 21, 2013",This Is Martin Bonner,42000.0,$0,0.0,-42000.0
115,Son of God,80.0,11,"Feb 28, 2014",Son of God,22000000.0,"$59,700,064",70949793.0,48949793.0
116,The Nut Job,85.0,72,"Jan 17, 2014",The Nut Job,30000000.0,"$64,251,538",122529966.0,92529966.0
117,Sparrows Dance,81.0,49,"Aug 23, 2013",Sparrows Dance,175000.0,"$2,602",2602.0,-172398.0
118,Life of the Party,84.0,88,"May 11, 2018",Life of the Party,30000000.0,"$53,059,911",65759911.0,35759911.0
119,Airborne,81.0,85,"Sep 14, 2012",Airborne,1200000.0,$0,0.0,-1200000.0
120,All Superheroes Must Die,78.0,56,"Jan 4, 2013",All Superheroes Must Die,20000.0,$0,0.0,-20000.0
121,Crawl,80.0,16,"Jul 12, 2019",Crawl,17000000.0,$0,0.0,-17000000.0
122,Safety Not Guaranteed,86.0,77,"Jun 8, 2012",Safety Not Guaranteed,750000.0,"$4,010,957",4422318.0,3672318.0
123,Detention of the Dead,87.0,66,"Jun 28, 2013",Detention of the Dead,500000.0,"$1,778",1778.0,-498222.0
124,Filly Brown,80.0,52,"Apr 19, 2013",Filly Brown,1250000.0,"$2,850,357",2940411.0,1690411.0
125,Supporting Characters,87.0,11,"Jan 25, 2013",Supporting Characters,60000.0,"$4,917",4917.0,-55083.0
126,The Looking Glass,80.0,58,"Oct 23, 2015",The Looking Glass,300000.0,"$1,711",1711.0,-298289.0
127,Nurse 3D,84.0,46,"Feb 7, 2014",Nurse 3D,10000000.0,$0,0.0,-10000000.0
128,Bachelorette,87.0,35,"Sep 7, 2012",Bachelorette,3000000.0,"$446,770",12577401.0,9577401.0
129,Glee: The 3D Concert Movie,84.0,90,"Aug 12, 2011",Glee: The 3D Concert Movie,9000000.0,"$11,862,398",17462398.0,8462398.0
130,Open Road,85.0,59,"May 21, 2013",Open Road,3000000.0,$0,47469.0,-2952531.0
131,Black Rock,83.0,13,"May 14, 2013",Black Rock,1000000.0,$0,0.0,-1000000.0
132,The Big Wedding,89.0,87,"Apr 26, 2013",The Big Wedding,32500000.0,"$21,819,348",48425971.0,15925971.0
133,Dark Blue,85.0,3,"Feb 21, 2003",Dark Blue,15000000.0,"$9,237,470",12262065.0,-2737935.0
134,The Wicked Within,84.0,88,"Dec 31, 2013",The Wicked Within,1200000.0,$0,0.0,-1200000.0
135,Morgan,89.0,5,"Sep 2, 2016",Morgan,8000000.0,"$3,915,251",7298786.0,-701214.0
136,Begin Again,68.0,91,"Jun 27, 2014",Begin Again,8000000.0,"$16,170,632",68838736.0,60838736.0
137,UglyDolls,87.0,6,"May 3, 2019",UglyDolls,45000000.0,"$19,894,664",24644664.0,-20355336.0
138,Drunk Wedding,81.0,15,"May 22, 2015",Drunk Wedding,600000.0,"$3,301",3301.0,-596699.0
139,Anna,80.0,64,"Jun 6, 2014",Anna,4357373.0,$0,1200000.0,-3157373.0
140,The Road,43.0,94,"Nov 25, 2009",The Road,25000000.0,"$8,114,270",29206732.0,4206732.0
141,The Cottage,88.0,84,"Dec 31, 2008",The Cottage,5000000.0,$0,1504960.0,-3495040.0
142,The Harvest/La Cosecha,80.0,22,"Jul 29, 2011",The Harvest/La Cosecha,560000.0,"$3,709",3709.0,-556291.0
143,Robot & Frank,89.0,26,"Aug 17, 2012",Robot & Frank,2500000.0,"$3,317,468",4934356.0,2434356.0
144,Chernobyl Diaries,86.0,18,"May 25, 2012",Chernobyl Diaries,1000000.0,"$18,119,640",42411721.0,41411721.0
145,Kevin Hart: Laugh at My Pain,89.0,75,"Sep 9, 2011",Kevin Hart: Laugh at My Pain,750000.0,"$7,706,436",7712436.0,6962436.0
146,Hell Fest,89.0,20,"Sep 28, 2018",Hell Fest,5500000.0,"$11,107,431",18119231.0,12619231.0
147,Ali,88.0,45,"Dec 25, 2001",Ali,109000000.0,"$58,183,966",87683966.0,-21316034.0
148,No Good Deed,84.0,44,"Sep 12, 2014",No Good Deed,13200000.0,"$52,543,632",54323210.0,41123210.0
149,Banshee Chapter,87.0,30,"Jan 10, 2014",Banshee Chapter,950000.0,$0,78122.0,-871878.0
150,The Last Exorcism Part II,88.0,90,"Mar 1, 2013",The Last Exorcism Part II,4000000.0,"$15,179,303",25448707.0,21448707.0
151,The Muse,58.0,94,"Aug 27, 1999",The Muse,15000000.0,"$11,614,954",11614954.0,-3385046.0
152,AWOL-72,82.0,65,"Dec 31, 2015",AWOL-72,3000000.0,$0,0.0,-3000000.0
153,Sanctuary; Quite a Conundrum,82.0,39,"Aug 26, 2014",Sanctuary; Quite a Conundrum,200000.0,$0,0.0,-200000.0
154,Water & Power,88.0,12,"May 2, 2014",Water & Power,600000.0,"$42,557",42557.0,-557443.0
155,Home Movies,77.0,16,"May 16, 1980",Home Movies,400000.0,"$89,134",89134.0,-310866.0
156,Head Over Heels,56.0,9,"Feb 2, 2001",Head Over Heels,14000000.0,"$10,397,365",10397365.0,-3602635.0
157,Dawn Patrol,88.0,32,"Jun 5, 2015",Dawn Patrol,3500000.0,$0,0.0,-3500000.0
158,The New World,88.0,72,"Dec 25, 2005",The New World,30000000.0,"$12,712,093",26184400.0,-3815600.0
159,Hansel & Gretel Get Baked,86.0,55,"Jun 25, 2013",Hansel & Gretel Get Baked,4500000.0,$0,0.0,-4500000.0
160,Sunshine,87.0,28,"Jul 20, 2007",Sunshine,40000000.0,"$3,688,560",32030610.0,-7969390.0
161,Amen,72.0,25,"Jan 24, 2003",Amen,14000000.0,"$274,299",274299.0,-13725701.0
162,Captain Underpants: The First Epic Movie,89.0,59,"Jun 2, 2017",Captain Underpants: The First Epic Movie,38000000.0,"$73,921,000",126577874.0,88577874.0
163,Showtime,60.0,19,"Mar 15, 2002",Showtime,85000000.0,"$37,948,765",78948765.0,-6051235.0
164,A.C.O.R.N.S.: Operation Crackdown,83.0,51,"Nov 1, 2016",A.C.O.R.N.S.: Operation Crackdown,8500000.0,$0,1353287.0,-7146713.0
165,Bathory,88.0,58,"Dec 31, 2008",Bathory,15000000.0,$0,3436763.0,-11563237.0
166,Maniac,89.0,28,"Jan 1, 1980",Maniac,350000.0,"$10,000,000",10000000.0,9650000.0
167,A Plague So Pleasant,76.0,81,"Sep 29, 2015",A Plague So Pleasant,1400.0,$0,0.0,-1400.0
168,Paranormal Activity 4,88.0,59,"Oct 19, 2012",Paranormal Activity 4,5000000.0,"$53,900,335",142817992.0,137817992.0
169,Diamond Ruff,82.0,80,"Dec 31, 2014",Diamond Ruff,500000.0,$0,0.0,-500000.0
170,Mutual Friends,86.0,1,"Jul 1, 2014",Mutual Friends,450000.0,$0,0.0,-450000.0
171,Duma,55.0,33,"Sep 30, 2005",Duma,12000000.0,"$870,067",994790.0,-11005210.0
172,An American in Hollywood,89.0,70,"Jul 18, 2014",An American in Hollywood,125000.0,$0,0.0,-125000.0
173,Whatever it Takes,87.0,7,"Mar 24, 2000",Whatever it Takes,15000000.0,"$8,735,529",8735529.0,-6264471.0
174,The Hadza: Last of the First,71.0,3,"Dec 31, 2014",The Hadza: Last of the First,650000.0,$0,0.0,-650000.0
175,Two Night Stand,86.0,60,"Sep 26, 2014",Two Night Stand,1600000.0,"$15,600",868081.0,-731919.0
176,Food Chains,83.0,36,"Nov 21, 2014",Food Chains,913000.0,$0,176.0,-912824.0
177,Midnight Cabaret,78.0,62,"Aug 7, 2013",Midnight Cabaret,300000.0,$0,0.0,-300000.0
178,The Forgotten,89.0,21,"Sep 24, 2004",The Forgotten,50000000.0,"$66,711,892",117211892.0,67211892.0
179,Snow White: A Deadly Summer,83.0,11,"Mar 20, 2012",Snow White: A Deadly Summer,1000000.0,$0,0.0,-1000000.0
180,The Walk,89.0,33,"Sep 30, 2015",The Walk,35000000.0,"$10,161,183",61492104.0,26492104.0
181,Bad Words,89.0,44,"Mar 14, 2014",Bad Words,10000000.0,"$7,779,614",7843145.0,-2156855.0
182,As It Is in Heaven,86.0,100,"Jul 11, 2014",As It Is in Heaven,450000.0,"$13,486",13486.0,-436514.0
183,Drones,82.0,72,"Dec 31, 2010",Drones,500000.0,$0,0.0,-500000.0
184,Crowsnest,84.0,84,"Sep 7, 2012",Crowsnest,1200000.0,$0,0.0,-1200000.0
185,Song One,86.0,87,"Jan 23, 2015",Song One,6000000.0,"$32,251",437089.0,-5562911.0
186,The Purge,85.0,67,"Jun 7, 2013",The Purge,3000000.0,"$64,473,115",91266581.0,88266581.0
187,Hoodwinked,87.0,60,"Jan 13, 2006",Hoodwinked,17500000.0,"$51,386,611",109843390.0,92343390.0
188,Glory,71.0,96,"Dec 13, 1989",Glory,18000000.0,"$26,593,580",26593580.0,8593580.0
189,The Timber,81.0,85,"Oct 6, 2015",The Timber,2100000.0,$0,0.0,-2100000.0
190,Enter the Dangerous Mind,88.0,67,"Feb 6, 2015",Enter the Dangerous Mind,3000000.0,$0,0.0,-3000000.0
191,Kin,45.0,88,"Aug 31, 2018",Kin,30000000.0,"$5,718,096",10096821.0,-19903179.0
192,Coffee Town,87.0,91,"Jul 9, 2013",Coffee Town,2000000.0,$0,0.0,-2000000.0
193,A Haunted House,86.0,12,"Jan 11, 2013",A Haunted House,2500000.0,"$40,041,683",59922558.0,57422558.0
194,Born to Fly: Elizabeth Streb vs. Gravity,82.0,65,"Sep 10, 2014",Born to Fly: Elizabeth Streb vs. Gravity,500000.0,"$1,822",1822.0,-498178.0
195,The Divide,78.0,53,"Jan 13, 2012",The Divide,3000000.0,"$18,000",156362.0,-2843638.0
196,Ride Along,87.0,67,"Jan 17, 2014",Ride Along,25000000.0,"$134,202,565",153733800.0,128733800.0
197,Wings,84.0,85,"Aug 12, 1927",Wings,2000000.0,$0,0.0,-2000000.0
198,The Image Revolution,81.0,26,"Dec 31, 2014",The Image Revolution,50000.0,$0,0.0,-50000.0
199,Sherlock Gnomes,86.0,54,"Mar 23, 2018",Sherlock Gnomes,59000000.0,"$43,242,871",87527651.0,28527651.0
200,Miss Julie,85.0,33,"May 5, 2015",Miss Julie,5500000.0,$0,863895.0,-4636105.0
201,Sherlock Holmes,77.0,42,"Dec 25, 2009",Sherlock Holmes,90000000.0,"$209,028,679",498438212.0,408438212.0
202,The Gallows,81.0,80,"Jul 10, 2015",The Gallows,100000.0,"$22,764,410",41656474.0,41556474.0
203,Quarantine,15.0,69,"Oct 10, 2008",Quarantine,12000000.0,"$31,691,811",41924774.0,29924774.0
204,The Siege,88.0,27,"Nov 6, 1998",The Siege,70000000.0,"$40,934,175",116625798.0,46625798.0
205,Queen Crab,80.0,3,"Sep 29, 2015",Queen Crab,75000.0,$0,0.0,-75000.0
206,No Escape,27.0,74,"Aug 26, 2015",No Escape,5000000.0,"$27,288,872",42844516.0,37844516.0
207,Fruitvale Station,85.0,38,"Jul 12, 2013",Fruitvale Station,900000.0,"$16,098,998",17549645.0,16649645.0
208,The Dirties,83.0,15,"Oct 4, 2013",The Dirties,55000.0,$0,0.0,-55000.0
209,Transcendence,45.0,2,"Apr 18, 2014",Transcendence,100000000.0,"$23,022,309",103039258.0,3039258.0
210,Redemption,44.0,97,"Jun 28, 2013",Redemption,23000000.0,"$36,686",13593473.0,-9406527.0
211,Echo Dr.,81.0,94,"Jun 10, 2014",Echo Dr.,100000.0,$0,0.0,-100000.0
212,Frances Ha,86.0,14,"May 17, 2013",Frances Ha,3000000.0,"$4,067,398",11262769.0,8262769.0
213,Thank You for Your Service,88.0,48,"Oct 27, 2017",Thank You for Your Service,20000000.0,"$9,479,390",9985316.0,-10014684.0
214,Stealth,51.0,21,"Jul 29, 2005",Stealth,138000000.0,"$32,116,746",76416746.0,-61583254.0
215,Frequency,60.0,31,"Apr 28, 2000",Frequency,31000000.0,"$44,983,704",68079671.0,37079671.0
216,The Front Man,73.0,57,"Apr 21, 2015",The Front Man,20000.0,$0,0.0,-20000.0
217,Runner Runner,88.0,53,"Oct 4, 2013",Runner Runner,30000000.0,"$19,316,646",60512680.0,30512680.0
218,The Disappointments Room,85.0,30,"Sep 9, 2016",The Disappointments Room,15000000.0,"$2,423,467",3503761.0,-11496239.0
219,Where the Heart Is,50.0,42,"Apr 28, 2000",Where the Heart Is,15000000.0,"$33,771,174",40862054.0,25862054.0
220,Assassins,84.0,63,"Oct 6, 1995",Assassins,50000000.0,"$30,306,268",83306268.0,33306268.0
221,Captive,88.0,23,"Sep 18, 2015",Captive,2000000.0,"$2,583,301",2791973.0,791973.0
222,The Girl on the Train,80.0,68,"Oct 7, 2016",The Girl on the Train,45000000.0,"$75,395,035",174278214.0,129278214.0
223,Cheap Thrills,88.0,89,"Mar 21, 2014",Cheap Thrills,100000.0,"$59,424",59424.0,-40576.0
224,They Came Together,83.0,58,"Jun 27, 2014",They Came Together,3000000.0,$0,82780.0,-2917220.0
225,Aroused,66.0,64,"May 3, 2013",Aroused,150000.0,$0,0.0,-150000.0
226,Test,89.0,89,"Jun 6, 2014",Test,250000.0,"$18,823",18823.0,-231177.0
227,Butterfly Girl,78.0,45,"Feb 27, 2015",Butterfly Girl,180000.0,"$17,503",17503.0,-162497.0
228,Midway,85.0,53,"Nov 8, 2019",Midway,59500000.0,$0,0.0,-59500000.0
229,Abduction,84.0,96,"Sep 23, 2011",Abduction,35000000.0,"$28,087,155",86648359.0,51648359.0
230,The Peanuts Movie,88.0,7,"Nov 6, 2015",The Peanuts Movie,99000000.0,"$130,178,411",250091610.0,151091610.0
231,Sky High,70.0,47,"Jul 29, 2005",Sky High,35000000.0,"$63,939,454",83109359.0,48109359.0
232,Her Cry: La Llorona Investigation,89.0,35,"Oct 25, 2013",Her Cry: La Llorona Investigation,35000.0,$0,0.0,-35000.0
233,Paranormal Activity: The Ghost Dimension,88.0,7,"Oct 23, 2015",Paranormal Activity: The Ghost Dimension,10000000.0,"$18,297,124",77959374.0,67959374.0
234,Paranormal Activity: The Marked Ones,84.0,70,"Jan 3, 2014",Paranormal Activity: The Marked Ones,5000000.0,"$32,462,372",90904854.0,85904854.0
235,Hitch,70.0,85,"Feb 11, 2005",Hitch,55000000.0,"$177,784,257",366784257.0,311784257.0
236,The Hoax,77.0,96,"Apr 6, 2007",The Hoax,25000000.0,"$7,164,995",7164995.0,-17835005.0
237,Speak No Evil,74.0,62,"Dec 31, 2013",Speak No Evil,150000.0,$0,32927.0,-117073.0
238,Hotel Transylvania 2,89.0,42,"Sep 25, 2015",Hotel Transylvania 2,80000000.0,"$169,700,110",469500298.0,389500298.0
239,Wild Things,39.0,69,"Mar 20, 1998",Wild Things,20000000.0,"$29,795,299",55576699.0,35576699.0
240,Step Up,55.0,54,"Aug 11, 2006",Step Up,12000000.0,"$65,328,121",110989157.0,98989157.0
241,Youth,75.0,99,"Dec 4, 2015",Youth,13000000.0,"$2,703,296",24001573.0,11001573.0
242,Equilibrium,77.0,89,"Dec 6, 2002",Equilibrium,20000000.0,"$1,190,018",5345869.0,-14654131.0
243,Ballerina,50.0,47,"Aug 25, 2017",Ballerina,30000000.0,"$21,858,070",96892829.0,66892829.0
244,Fortress,70.0,13,"Sep 3, 1993",Fortress,12000000.0,"$6,730,578",46730578.0,34730578.0
245,Kevin Hart: Let Me Explain,75.0,14,"Jul 3, 2013",Kevin Hart: Let Me Explain,2500000.0,"$32,244,051",32327255.0,29827255.0
246,Graduation Day,75.0,69,"May 1, 1981",Graduation Day,250000.0,"$23,894,000",23894000.0,23644000.0
247,The Crew,81.0,88,"Aug 25, 2000",The Crew,23000000.0,"$13,019,253",13019253.0,-9980747.0
248,The Mask,9.0,66,"Jul 29, 1994",The Mask,18000000.0,"$119,920,129",351620129.0,333620129.0
249,Pump,88.0,57,"Sep 19, 2014",Pump,2000000.0,"$72,277",72277.0,-1927723.0
250,Panic,85.0,57,"Dec 1, 2000",Panic,1000000.0,"$779,137",1425707.0,425707.0
251,The Brain That Sings,62.0,71,"Aug 11, 2015",The Brain That Sings,125000.0,$0,0.0,-125000.0
252,Deceptive Practice: The Mysteries and Mentors of Ricky Jay,88.0,52,"Apr 17, 2013",Deceptive Practice: The Mysteries and Mentors of Ricky Jay,500000.0,"$152,449",152449.0,-347551.0
253,Bambi,58.0,47,"Aug 13, 1942",Bambi,858000.0,"$102,797,000",268000000.0,267142000.0
254,Locke,85.0,37,"Apr 25, 2014",Locke,2000000.0,"$1,370,646",2088390.0,88390.0
255,Long Shot,33.0,75,"May 3, 2019",Long Shot,40000000.0,"$30,202,860",43711031.0,3711031.0
256,The Secret Life of Pets,87.0,26,"Jul 8, 2016",The Secret Life of Pets,75000000.0,"$368,384,330",886750534.0,811750534.0
257,Ida,82.0,3,"May 2, 2014",Ida,2600000.0,"$3,827,060",15298355.0,12698355.0
258,Jungle Shuffle,85.0,40,"Mar 10, 2015",Jungle Shuffle,10000000.0,$0,360898.0,-9639102.0
259,Devil's Due,89.0,14,"Jan 17, 2014",Devil's Due,7000000.0,"$15,821,461",36146087.0,29146087.0
260,Beyond the Sea,52.0,61,"Dec 17, 2004",Beyond the Sea,24000000.0,"$6,144,806",8292914.0,-15707086.0
261,A Haunted House 2,86.0,89,"Apr 18, 2014",A Haunted House 2,4000000.0,"$17,329,487",21206861.0,17206861.0
262,Rebound,84.0,10,"Jul 1, 2005",Rebound,45000000.0,"$16,809,014",17492014.0,-27507986.0
263,Tiger Orange,75.0,99,"Jul 7, 2015",Tiger Orange,100000.0,$0,0.0,-100000.0
264,Treading Water,24.0,15,"Mar 10, 2015",Treading Water,4700000.0,$0,0.0,-4700000.0
265,Obvious Child,84.0,41,"Jun 6, 2014",Obvious Child,1000000.0,"$3,122,616",3324070.0,2324070.0
266,Role Models,6.0,43,"Nov 7, 2008",Role Models,28000000.0,"$67,300,955",94500826.0,66500826.0
267,The Lazarus Effect,83.0,76,"Feb 27, 2015",The Lazarus Effect,5000000.0,"$25,801,570",38359310.0,33359310.0
268,Jumper,5.0,31,"Feb 14, 2008",Jumper,82500000.0,"$80,172,128",222640812.0,140140812.0
269,Father Figures,58.0,56,"Dec 22, 2017",Father Figures,25000000.0,"$17,501,244",21038441.0,-3961559.0
270,The Call,25.0,14,"Mar 15, 2013",The Call,12800000.0,"$51,872,378",69821476.0,57021476.0
271,Focus,87.0,99,"Feb 27, 2015",Focus,65000000.0,"$53,862,963",168065700.0,103065700.0
272,State of Play,87.0,15,"Apr 17, 2009",State of Play,60000000.0,"$37,017,955",88832210.0,28832210.0
273,Happy Christmas,82.0,4,"Jul 25, 2014",Happy Christmas,70000.0,"$30,312",30312.0,-39688.0
274,Hot Pursuit,87.0,79,"May 8, 2015",Hot Pursuit,35000000.0,"$34,580,201",45671512.0,10671512.0
275,Let's Kill Ward's Wife,82.0,93,"Jan 9, 2015",Let's Kill Ward's Wife,5000000.0,$0,0.0,-5000000.0
276,Lion,70.0,60,"Nov 25, 2016",Lion,12000000.0,"$51,739,495",149570720.0,137570720.0
277,Psycho,86.0,88,"Dec 4, 1998",Psycho,20000000.0,"$21,541,218",37226218.0,17226218.0
278,Diane,82.0,98,"Jan 12, 1956",Diane,2660000.0,$0,0.0,-2660000.0
279,The Vatican Exorcisms,76.0,8,"Dec 31, 2013",The Vatican Exorcisms,1100000.0,$0,0.0,-1100000.0
280,The Past is a Grotesque Animal,77.0,90,"Jun 19, 2014",The Past is a Grotesque Animal,100000.0,"$20,056",20056.0,-79944.0
281,Phantom,76.0,43,"Mar 1, 2013",Phantom,18000000.0,"$1,034,589",1199510.0,-16800490.0
282,The Hammer,75.0,50,"Mar 21, 2008",The Hammer,850000.0,"$442,638",442638.0,-407362.0
283,Paraphobia,80.0,42,"Dec 31, 2013",Paraphobia,30000.0,$0,0.0,-30000.0
284,Bucky and the Squirrels,82.0,84,"Dec 31, 2013",Bucky and the Squirrels,500000.0,$0,0.0,-500000.0
285,Thunder and the House of Magic,85.0,68,"Sep 5, 2014",Thunder and the House of Magic,34000000.0,"$4,091",62582520.0,28582520.0
286,Lucky Dog,88.0,92,"Dec 31, 2014",Lucky Dog,2000000.0,$0,0.0,-2000000.0
287,Alpha,80.0,79,"Aug 17, 2018",Alpha,51000000.0,"$35,851,379",99624873.0,48624873.0
288,Julia,89.0,84,"May 8, 2009",Julia,6000000.0,"$65,108",1365108.0,-4634892.0
289,Brooklyn,83.0,79,"Nov 4, 2015",Brooklyn,11000000.0,"$38,322,743",62076141.0,51076141.0
290,Domino,89.0,94,"Oct 14, 2005",Domino,50000000.0,"$10,169,202",23574057.0,-26425943.0
291,Simon,85.0,43,"Apr 7, 2006",Simon,1300000.0,"$4,055",1738663.0,438663.0
292,The Revenant,80.0,27,"Dec 25, 2015",The Revenant,135000000.0,"$183,637,894",532938302.0,397938302.0
293,Stung,87.0,46,"Jul 3, 2015",Stung,2500000.0,$0,0.0,-2500000.0
294,Doc Holliday's Revenge,84.0,17,"Dec 31, 2014",Doc Holliday's Revenge,1000000.0,$0,0.0,-1000000.0
295,Iron Man,84.0,74,"May 2, 2008",Iron Man,186000000.0,"$318,604,126",585171547.0,399171547.0
296,The Brothers Grimsby,83.0,39,"Mar 11, 2016",The Brothers Grimsby,35000000.0,"$6,864,016",28720470.0,-6279530.0
297,Red Sky,56.0,27,"Mar 10, 2015",Red Sky,25000000.0,$0,91116.0,-24908884.0
298,Chemical Cut,83.0,25,"Dec 31, 2016",Chemical Cut,1000000.0,$0,0.0,-1000000.0
299,The Kid,49.0,94,"Jul 7, 2000",The Kid,65000000.0,"$69,688,384",69688384.0,4688384.0
300,The Perfect Match,87.0,22,"Mar 11, 2016",The Perfect Match,5000000.0,"$9,669,521",10182050.0,5182050.0
301,Despicable Me 3,89.0,30,"Jun 30, 2017",Despicable Me 3,75000000.0,"$264,624,300",1034727750.0,959727750.0
302,The Walking Deceased,88.0,96,"Mar 20, 2015",The Walking Deceased,2000000.0,$0,0.0,-2000000.0
303,The Golden Child,86.0,47,"Dec 12, 1986",The Golden Child,12000000.0,"$79,817,937",79817937.0,67817937.0
304,See No Evil,75.0,93,"May 19, 2006",See No Evil,8000000.0,"$15,032,800",18828036.0,10828036.0
305,Close Range,80.0,74,"Dec 11, 2015",Close Range,3000000.0,$0,0.0,-3000000.0
306,November,1.0,81,"Jul 22, 2005",November,250000.0,"$191,862",191862.0,-58138.0
307,Unnatural,89.0,73,"Dec 31, 2015",Unnatural,3000000.0,$0,0.0,-3000000.0
308,UnDivided,66.0,99,"Feb 3, 2015",UnDivided,250000.0,$0,0.0,-250000.0
309,Buried,88.0,2,"Sep 24, 2010",Buried,1987650.0,"$1,044,143",21270290.0,19282640.0
310,Heaven's Gate,47.0,34,"Nov 19, 1980",Heaven's Gate,44000000.0,"$3,484,331",3484523.0,-40515477.0
311,Fantasia,86.0,69,"Nov 13, 1940",Fantasia,2280000.0,"$83,320,000",83320000.0,81040000.0
312,The Forest,72.0,92,"Jan 8, 2016",The Forest,10000000.0,"$26,594,261",40749230.0,30749230.0
313,The Secret,89.0,27,"Oct 1, 2006",The Secret,3500000.0,$0,0.0,-3500000.0
314,Joe,5.0,30,"Apr 11, 2014",Joe,4000000.0,"$373,375",373375.0,-3626625.0
315,Mutant World,82.0,15,"May 26, 2015",Mutant World,1500000.0,$0,0.0,-1500000.0
316,Closer,87.0,82,"Dec 3, 2004",Closer,35000000.0,"$33,987,757",116177695.0,81177695.0
317,Bodom,65.0,54,"Dec 31, 2016",Bodom,1250000.0,$0,726460.0,-523540.0
318,Virtuosity,87.0,43,"Aug 4, 1995",Virtuosity,30000000.0,"$23,998,226",23998226.0,-6001774.0
319,Creature,84.0,38,"Sep 9, 2011",Creature,3000000.0,"$331,000",331000.0,-2669000.0
320,Unfriended,83.0,14,"Apr 17, 2015",Unfriended,1000000.0,"$32,789,645",64364198.0,63364198.0
321,Heavy Metal,50.0,63,"Aug 7, 1981",Heavy Metal,9300000.0,"$19,571,091",19571091.0,10271091.0
322,Elizabeth,7.0,33,"Nov 6, 1998",Elizabeth,25000000.0,"$30,082,699",82150642.0,57150642.0
323,Lincoln,17.0,73,"Nov 9, 2012",Lincoln,65000000.0,"$182,207,973",273346281.0,208346281.0
324,You Only Live Twice,50.0,54,"Jun 13, 1967",You Only Live Twice,9500000.0,"$43,100,000",111600000.0,102100000.0
325,Cop Car,88.0,71,"Aug 7, 2015",Cop Car,5000000.0,"$134,552",143658.0,-4856342.0
326,Metropolis,60.0,39,"Jan 25, 2002",Metropolis,15000000.0,"$673,414",1405032.0,-13594968.0
327,Aliens,88.0,68,"Jul 18, 1986",Aliens,17000000.0,"$85,160,248",183316455.0,166316455.0
328,Yoga Hosers,88.0,86,"Sep 2, 2016",Yoga Hosers,5000000.0,$0,22958.0,-4977042.0
329,Breakdown,88.0,11,"May 2, 1997",Breakdown,36000000.0,"$50,159,144",50159144.0,14159144.0
330,The Prince,71.0,53,"Aug 22, 2014",The Prince,18000000.0,$0,0.0,-18000000.0
331,Popstar: Never Stop Never Stopping,87.0,47,"Jun 3, 2016",Popstar: Never Stop Never Stopping,20000000.0,"$9,496,130",9537120.0,-10462880.0
332,Stories of Our Lives,60.0,62,"Dec 31, 2014",Stories of Our Lives,15000.0,$0,0.0,-15000.0
333,Meet the Mormons,78.0,9,"Oct 10, 2014",Meet the Mormons,2000000.0,"$6,047,363",6049171.0,4049171.0
334,The Party's Over,80.0,6,"Oct 24, 2003",The Party's Over,1000000.0,$0,0.0,-1000000.0
335,Cursed,81.0,14,"Feb 25, 2005",Cursed,35000000.0,"$19,294,901",25114901.0,-9885099.0
336,The Shallows,86.0,54,"Jun 24, 2016",The Shallows,13000000.0,"$55,121,623",118763442.0,105763442.0
337,Life During Wartime,50.0,44,"Jul 23, 2010",Life During Wartime,4500000.0,"$281,447",281447.0,-4218553.0
338,Unbreakable,80.0,75,"Nov 22, 2000",Unbreakable,73243106.0,"$94,999,143",248099143.0,174856037.0
339,Bella,80.0,44,"Oct 26, 2007",Bella,3300000.0,"$8,093,373",12405473.0,9105473.0
340,Pulse,84.0,85,"Aug 11, 2006",Pulse,20500000.0,"$20,264,436",30241435.0,9741435.0
341,Snow Day,60.0,51,"Feb 11, 2000",Snow Day,13000000.0,"$60,008,303",62452927.0,49452927.0
342,The Reaping,84.0,88,"Apr 5, 2007",The Reaping,40000000.0,"$25,126,214",62226214.0,22226214.0
343,Top Spin,80.0,61,"Aug 21, 2015",Top Spin,150000.0,"$5,858",5858.0,-144142.0
344,Before Sunrise,70.0,24,"Jan 27, 1995",Before Sunrise,2500000.0,"$5,274,005",5690220.0,3190220.0
345,The Fits,72.0,51,"Jun 3, 2016",The Fits,170000.0,"$166,425",169242.0,-758.0
346,Kicks,80.0,13,"Sep 9, 2016",Kicks,10000000.0,"$150,191",150191.0,-9849809.0
347,Krisha,83.0,38,"Mar 18, 2016",Krisha,30000.0,"$144,822",144822.0,114822.0
348,The Master,86.0,87,"Sep 14, 2012",The Master,37500000.0,"$16,247,159",50647416.0,13147416.0
349,The Salon,75.0,99,"May 11, 2007",The Salon,1500000.0,"$139,084",139084.0,-1360916.0
350,Evolution,81.0,89,"Jun 8, 2001",Evolution,80000000.0,"$38,311,134",98341932.0,18341932.0
351,Solitude,58.0,32,"Jan 7, 2005",Solitude,200000.0,"$6,260",6260.0,-193740.0
352,By the Sea,80.0,97,"Nov 13, 2015",By the Sea,20000000.0,"$538,460",3727746.0,-16272254.0
353,Black Hawk Down,57.0,15,"Dec 28, 2001",Black Hawk Down,95000000.0,"$108,638,745",159691085.0,64691085.0
354,Chain of Command,88.0,67,"Sep 8, 2015",Chain of Command,4000000.0,$0,0.0,-4000000.0
355,The Joneses,80.0,88,"Apr 16, 2010",The Joneses,10000000.0,"$1,475,746",3541565.0,-6458435.0
356,Julija in alfa Romeo,83.0,23,"Dec 31, 2015",Julija in alfa Romeo,560000.0,$0,8462.0,-551538.0
357,Unhinged,12.0,30,"Sep 30, 2019",Unhinged,29000000.0,$0,0.0,-29000000.0
358,Running Forever,88.0,100,"Oct 27, 2015",Running Forever,5000000.0,$0,0.0,-5000000.0
359,Before We Go,84.0,52,"Sep 4, 2015",Before We Go,3000000.0,"$37,151",483938.0,-2516062.0
360,Sahara,86.0,3,"Apr 8, 2005",Sahara,145000000.0,"$68,671,925",121671925.0,-23328075.0
361,The Invitation,6.0,74,"Apr 8, 2016",The Invitation,1000000.0,"$231,738",354836.0,-645164.0
362,The Lucky Ones,45.0,26,"Sep 26, 2008",The Lucky Ones,14000000.0,"$266,967",266967.0,-13733033.0
363,Sleight,89.0,72,"Apr 28, 2017",Sleight,250000.0,"$3,930,990",3934450.0,3684450.0
364,La chambre bleue,48.0,23,"Oct 3, 2014",La chambre bleue,1400000.0,"$260,441",1945420.0,545420.0
365,The Star,86.0,39,"Nov 17, 2017",The Star,20000000.0,"$40,847,995",62758010.0,42758010.0
366,Storks,87.0,15,"Sep 23, 2016",Storks,70000000.0,"$72,679,278",183353431.0,113353431.0
367,Braid,82.0,48,"Feb 1, 2019",Braid,1660000.0,$0,80745.0,-1579255.0
368,Early Man,89.0,98,"Feb 16, 2018",Early Man,50000000.0,"$8,267,544",45285890.0,-4714110.0
369,Exit Wounds,11.0,72,"Mar 16, 2001",Exit Wounds,33000000.0,"$51,758,599",79958599.0,46958599.0
370,Book Club,72.0,43,"May 18, 2018",Book Club,10000000.0,"$68,566,296",91113683.0,81113683.0
371,American Hero,86.0,3,"Dec 11, 2015",American Hero,1000000.0,$0,26.0,-999974.0
372,A Man for All Seasons,43.0,69,"Dec 12, 1966",A Man for All Seasons,3900000.0,"$28,350,000",28350000.0,24450000.0
373,The Drop,50.0,16,"Sep 12, 2014",The Drop,12600000.0,"$10,724,389",19054534.0,6454534.0
374,Quo Vadis?,45.0,59,"Feb 23, 1951",Quo Vadis?,8250000.0,"$30,000,000",30028513.0,21778513.0
375,The Salton Sea,87.0,44,"Apr 26, 2002",The Salton Sea,18000000.0,"$676,698",676698.0,-17323302.0
376,Love Happens,88.0,2,"Sep 18, 2009",Love Happens,18000000.0,"$22,965,110",36133014.0,18133014.0
377,Red Eye,73.0,30,"Aug 19, 2005",Red Eye,26000000.0,"$57,891,803",96666486.0,70666486.0
378,Rebecca,85.0,47,"Mar 21, 1940",Rebecca,1288000.0,"$6,000,000",6002370.0,4714370.0
379,Remember Me,85.0,51,"Mar 12, 2010",Remember Me,16000000.0,"$19,068,240",56506120.0,40506120.0
380,Birth,9.0,73,"Oct 29, 2004",Birth,20000000.0,"$5,005,899",14603001.0,-5396999.0
381,Us,75.0,88,"Mar 22, 2019",Us,20000000.0,"$175,006,930",254210310.0,234210310.0
382,Rosemary's Baby,48.0,53,"Jun 12, 1968",Rosemary's Baby,3200000.0,"$33,395,426",33395426.0,30195426.0
383,The Emoji Movie,86.0,7,"Jul 28, 2017",The Emoji Movie,50000000.0,"$86,089,513",216562312.0,166562312.0
384,Widows,79.0,50,"Nov 16, 2018",Widows,40000000.0,"$42,402,632",73866088.0,33866088.0
385,The Four Seasons,52.0,88,"May 22, 1981",The Four Seasons,6500000.0,"$42,488,161",42488161.0,35988161.0
386,Final Destination,65.0,74,"Mar 17, 2000",Final Destination,23000000.0,"$53,302,314",112036870.0,89036870.0
387,The Secret Life of Pets 2,86.0,81,"Jun 7, 2019",The Secret Life of Pets 2,80000000.0,"$63,795,655",113351496.0,33351496.0
388,The Forsaken,86.0,28,"Apr 27, 2001",The Forsaken,5000000.0,"$6,755,271",6755271.0,1755271.0
389,Going the Distance,65.0,11,"Sep 3, 2010",Going the Distance,32000000.0,"$17,804,299",43603990.0,11603990.0
390,The Eagle,11.0,50,"Feb 11, 2011",The Eagle,25000000.0,"$19,490,041",38993548.0,13993548.0
391,Down to Earth,52.0,73,"Feb 16, 2001",Down to Earth,30000000.0,"$64,172,251",71172251.0,41172251.0
392,Paul,71.0,58,"Mar 18, 2011",Paul,40000000.0,"$37,412,945",101162106.0,61162106.0
393,Beyond Borders,72.0,50,"Oct 24, 2003",Beyond Borders,60000000.0,"$4,426,297",11427090.0,-48572910.0
394,Good Luck Chuck,51.0,22,"Sep 21, 2007",Good Luck Chuck,25000000.0,"$35,017,297",59183821.0,34183821.0
395,Indivisible,78.0,93,"Oct 26, 2018",Indivisible,2700000.0,"$3,511,417",3588305.0,888305.0
396,Out of Sight,60.0,29,"Jun 26, 1998",Out of Sight,48000000.0,"$37,562,568",77562568.0,29562568.0
397,White Fang,85.0,87,"Jan 18, 1991",White Fang,14000000.0,"$34,729,091",34729091.0,20729091.0
398,May,10.0,36,"Feb 7, 2003",May,1750000.0,"$145,540",634803.0,-1115197.0
399,Irreplaceable,61.0,20,"Feb 24, 2015",Irreplaceable,600000.0,$0,0.0,-600000.0
400,Departure,86.0,3,"Mar 7, 2017",Departure,1100000.0,$0,27561.0,-1072439.0
401,Sgt. Stubby: An American Hero,84.0,6,"Apr 13, 2018",Sgt. Stubby: An American Hero,25000000.0,"$3,054,285",3645957.0,-21354043.0
402,Conspiracy Theory,79.0,73,"Aug 8, 1997",Conspiracy Theory,80000000.0,"$76,118,990",142783718.0,62783718.0
403,Valentine,62.0,3,"Feb 2, 2001",Valentine,10000000.0,"$20,384,136",20384136.0,10384136.0
404,Split,80.0,50,"Jan 20, 2017",Split,5000000.0,"$138,141,585",278964806.0,273964806.0
405,Forget Me Not,83.0,44,"May 24, 2011",Forget Me Not,1300000.0,$0,13465.0,-1286535.0
406,The Host,60.0,68,"Mar 29, 2013",The Host,50000000.0,"$26,623,701",64477051.0,14477051.0
407,Groove,87.0,41,"Jun 9, 2000",Groove,500000.0,"$1,115,313",1167524.0,667524.0
408,Night School,85.0,16,"Sep 28, 2018",Night School,29000000.0,"$77,339,130",103008792.0,74008792.0
409,The Deer Hunter,15.0,20,"Jan 1, 1979",The Deer Hunter,15000000.0,"$50,000,000",50009253.0,35009253.0
410,1982,11.0,23,"Mar 1, 2016",1982,1000000.0,$0,0.0,-1000000.0
411,The Howling,83.0,19,"Apr 10, 1981",The Howling,1000000.0,"$17,985,000",17985000.0,16985000.0
412,The Possession of Hannah Grace,86.0,37,"Nov 30, 2018",The Possession of Hannah Grace,6000000.0,"$14,836,174",42785387.0,36785387.0
413,Rio,87.0,46,"Apr 15, 2011",Rio,90000000.0,"$143,619,809",487519809.0,397519809.0
414,Yes,80.0,47,"Jun 24, 2005",Yes,1700000.0,"$396,035",661221.0,-1038779.0
415,Melancholia,75.0,62,"Nov 11, 2011",Melancholia,9400000.0,"$3,030,848",21817298.0,12417298.0
416,Oddball,5.0,63,"Dec 6, 2016",Oddball,7000000.0,$0,10237229.0,3237229.0
417,The Descendants,80.0,5,"Nov 16, 2011",The Descendants,20000000.0,"$82,624,961",175507800.0,155507800.0
418,Fame,58.0,3,"Sep 25, 2009",Fame,18000000.0,"$22,455,510",80227619.0,62227619.0
419,The House of Mirth,64.0,75,"Dec 22, 2000",The House of Mirth,10000000.0,"$3,041,803",5149131.0,-4850869.0
420,Slender Man,52.0,80,"Aug 10, 2018",Slender Man,10000000.0,"$30,564,825",51723644.0,41723644.0
421,Moonlight,87.0,64,"Oct 21, 2016",Moonlight,1500000.0,"$27,854,931",65245512.0,63745512.0
422,Money Talks,86.0,9,"Aug 22, 1997",Money Talks,25000000.0,"$41,076,865",41076865.0,16076865.0
423,Knock Knock,55.0,62,"Oct 9, 2015",Knock Knock,2000000.0,"$36,336",6328516.0,4328516.0
424,Nomad,83.0,37,"Mar 16, 2007",Nomad,40000000.0,"$79,123",79123.0,-39920877.0
425,The Butterfly Effect,85.0,52,"Jan 23, 2004",The Butterfly Effect,13000000.0,"$57,924,679",95638592.0,82638592.0
426,Vessel,67.0,71,"Jan 9, 2015",Vessel,800000.0,$0,0.0,-800000.0
427,Identity,75.0,52,"Apr 25, 2003",Identity,28000000.0,"$52,131,264",82183683.0,54183683.0
428,Duplicity,71.0,12,"Mar 20, 2009",Duplicity,60000000.0,"$40,572,825",81079566.0,21079566.0
429,Live and Let Die,45.0,94,"Jun 27, 1973",Live and Let Die,7000000.0,"$35,400,000",161800000.0,154800000.0
430,Twins,8.0,100,"Dec 9, 1988",Twins,15000000.0,"$111,936,388",216600000.0,201600000.0
431,Venus,80.0,62,"Dec 21, 2006",Venus,6000000.0,"$3,347,411",7818479.0,1818479.0
432,Motherhood,74.0,22,"Oct 23, 2009",Motherhood,10000000.0,"$93,388",723388.0,-9276612.0
433,The Judge,76.0,41,"Oct 10, 2014",The Judge,50000000.0,"$47,119,388",76119388.0,26119388.0
434,A Quiet Place,80.0,66,"Apr 6, 2018",A Quiet Place,17000000.0,"$188,024,361",334522294.0,317522294.0
435,Stripes,85.0,40,"Jun 26, 1981",Stripes,10000000.0,"$85,300,000",85300000.0,75300000.0
436,Safe,75.0,78,"Apr 27, 2012",Safe,33000000.0,"$17,142,080",41495213.0,8495213.0
437,Original Sin,75.0,44,"Aug 3, 2001",Original Sin,26000000.0,"$16,521,410",16521410.0,-9478590.0
438,Proud Mary,89.0,50,"Jan 12, 2018",Proud Mary,30000000.0,"$20,868,638",21709539.0,-8290461.0
439,Wonder Park,85.0,94,"Mar 15, 2019",Wonder Park,100000000.0,"$45,216,793",115149422.0,15149422.0
440,Action Point,85.0,50,"Jun 1, 2018",Action Point,19000000.0,"$5,059,608",5103675.0,-13896325.0
441,End of Days,72.0,86,"Nov 24, 1999",End of Days,100000000.0,"$66,889,043",212026975.0,112026975.0
442,No Strings Attached,73.0,84,"Jan 21, 2011",No Strings Attached,25000000.0,"$70,662,220",149228078.0,124228078.0
443,Lost Souls,84.0,71,"Oct 13, 2000",Lost Souls,28000000.0,"$16,779,636",31320293.0,3320293.0
444,Clean,70.0,67,"Apr 28, 2006",Clean,10000.0,"$138,711",138711.0,128711.0
445,The Contender,74.0,83,"Oct 13, 2000",The Contender,9000000.0,"$17,804,273",17804273.0,8804273.0
446,The Artist,53.0,34,"Nov 25, 2011",The Artist,16000000.0,"$44,667,095",128256712.0,112256712.0
447,Sea of Love,47.0,29,"Sep 15, 1989",Sea of Love,19000000.0,"$58,571,513",58571513.0,39571513.0
448,Brainstorm,55.0,5,"Sep 30, 1983",Brainstorm,15000000.0,"$8,921,050",8921050.0,-6078950.0
449,The Net,75.0,16,"Jul 28, 1995",The Net,22000000.0,"$50,621,733",110521733.0,88521733.0
450,Pendulum,68.0,93,"Dec 31, 2001",Pendulum,2000000.0,$0,0.0,-2000000.0
451,Derailed,76.0,19,"Nov 11, 2005",Derailed,22000000.0,"$36,020,063",57520063.0,35520063.0
452,American Dreamz,7.0,1,"Apr 21, 2006",American Dreamz,17000000.0,"$7,314,027",16510971.0,-489029.0
453,Water,19.0,8,"Apr 28, 2006",Water,3000000.0,"$5,529,144",11322573.0,8322573.0
454,Do You Believe?,71.0,60,"Mar 20, 2015",Do You Believe?,2300000.0,"$12,985,600",14304931.0,12004931.0
455,The Touch,48.0,10,"Mar 31, 2004",The Touch,20000000.0,$0,5918742.0,-14081258.0
456,The Namesake,77.0,42,"Mar 9, 2007",The Namesake,8500000.0,"$13,610,521",20288774.0,11788774.0
457,Let Me In,74.0,38,"Oct 1, 2010",Let Me In,20000000.0,"$12,134,935",28270399.0,8270399.0
458,Stronger,47.0,90,"Sep 22, 2017",Stronger,30000000.0,"$4,211,129",8786752.0,-21213248.0
459,Breaking In,88.0,19,"May 11, 2018",Breaking In,6000000.0,"$46,840,590",51411620.0,45411620.0
460,The Patriot,72.0,25,"Jun 28, 2000",The Patriot,110000000.0,"$113,330,342",215300000.0,105300000.0
461,Churchill,65.0,91,"Jun 2, 2017",Churchill,10000000.0,"$1,279,681",7582196.0,-2417804.0
462,Unfinished Business,60.0,32,"Mar 6, 2015",Unfinished Business,35000000.0,"$10,219,501",13214051.0,-21785949.0
463,The Cave,15.0,68,"Aug 26, 2005",The Cave,30000000.0,"$15,007,991",27147991.0,-2852009.0
464,Prophecy,82.0,83,"Jun 15, 1979",Prophecy,12000000.0,"$22,673,340",22673340.0,10673340.0
465,The Interview,73.0,33,"Feb 6, 2014",The Interview,44000000.0,"$6,105,175",12342632.0,-31657368.0
466,Jesse,52.0,32,"Aug 12, 2014",Jesse,950000.0,$0,0.0,-950000.0
467,Above and Beyond,56.0,38,"Jan 30, 2015",Above and Beyond,1300000.0,"$288,751",288751.0,-1011249.0
468,Hugo,80.0,89,"Nov 23, 2011",Hugo,180000000.0,"$73,864,507",180047784.0,47784.0
469,The Thing,5.0,77,"Oct 14, 2011",The Thing,38000000.0,"$16,999,934",27573078.0,-10426922.0
470,The Great Wall,72.0,92,"Feb 17, 2017",The Great Wall,150000000.0,"$45,157,105",334486852.0,184486852.0
471,Rush Hour,80.0,31,"Sep 18, 1998",Rush Hour,35000000.0,"$141,186,864",245300000.0,210300000.0
472,Anonymous,60.0,90,"Oct 28, 2011",Anonymous,27500000.0,"$4,463,292",15815509.0,-11684491.0
473,Beowulf,80.0,88,"Nov 16, 2007",Beowulf,150000000.0,"$82,280,579",195080579.0,45080579.0
474,Hide and Seek,77.0,96,"Jan 28, 2005",Hide and Seek,25000000.0,"$51,100,486",123696741.0,98696741.0
475,Tomorrowland,70.0,23,"May 22, 2015",Tomorrowland,170000000.0,"$93,436,322",206627518.0,36627518.0
476,Snow White and the Seven Dwarfs,49.0,18,"Dec 21, 1937",Snow White and the Seven Dwarfs,1488000.0,"$184,925,486",184925486.0,183437486.0
477,Red 11,77.0,78,"Dec 31, 2018",Red 11,7000.0,$0,0.0,-7000.0
478,Tooth Fairy,86.0,23,"Jan 22, 2010",Tooth Fairy,48000000.0,"$60,022,256",112610386.0,64610386.0
479,The Proposal,86.0,79,"Jun 19, 2009",The Proposal,40000000.0,"$163,958,031",314709717.0,274709717.0
480,Flood,60.0,66,"Dec 31, 2007",Flood,24000000.0,$0,4084232.0,-19915768.0
481,Hybrid,64.0,26,"May 10, 2002",Hybrid,200000.0,"$162,605",162605.0,-37395.0
482,Frontera,82.0,63,"Sep 5, 2014",Frontera,2300000.0,"$59,696",59696.0,-2240304.0
483,Beloved,66.0,65,"Oct 16, 1998",Beloved,53000000.0,"$22,852,487",22852487.0,-30147513.0
484,The Bucket List,60.0,62,"Dec 25, 2007",The Bucket List,45000000.0,"$93,466,502",174807445.0,129807445.0
485,Heroes,88.0,12,"Oct 24, 2008",Heroes,400000.0,"$655,538",655538.0,255538.0
486,Icarus,78.0,91,"Feb 9, 2010",Icarus,6000000.0,$0,0.0,-6000000.0
487,Ghost Town,26.0,31,"Sep 19, 2008",Ghost Town,20000000.0,"$13,367,624",29958228.0,9958228.0
488,The Tree of Life,60.0,24,"May 27, 2011",The Tree of Life,35000000.0,"$13,305,665",61721826.0,26721826.0
489,Maggie,88.0,47,"May 8, 2015",Maggie,4500000.0,"$187,112",1027760.0,-3472240.0
490,"As Above, So Below",10.0,84,"Aug 29, 2014","As Above, So Below",5000000.0,"$21,222,315",41824066.0,36824066.0
491,August,72.0,40,"Jul 11, 2008",August,3400000.0,"$12,636",12636.0,-3387364.0
492,Butterfly,80.0,98,"Dec 31, 2010",Butterfly,250000.0,$0,0.0,-250000.0
493,Sugar Town,75.0,82,"Sep 17, 1999",Sugar Town,250000.0,"$178,095",178095.0,-71905.0
494,Breathless,70.0,9,"May 13, 1983",Breathless,7000000.0,"$19,910,002",19910002.0,12910002.0
495,Good,83.0,78,"Dec 31, 2008",Good,16000000.0,"$31,631",31631.0,-15968369.0
496,Salvador,71.0,38,"Apr 23, 1986",Salvador,4500000.0,"$1,500,000",1500000.0,-3000000.0
497,Stay Alive,72.0,85,"Mar 24, 2006",Stay Alive,20000000.0,"$23,086,480",23187506.0,3187506.0
498,Timeline,82.0,1,"Nov 26, 2003",Timeline,80000000.0,"$19,480,739",26703184.0,-53296816.0
499,Kidnap,50.0,69,"Aug 4, 2017",Kidnap,21000000.0,"$30,718,107",34836080.0,13836080.0
500,The Blue Bird,84.0,71,"Jan 1, 1976",The Blue Bird,1200000.0,"$887,000",887000.0,-313000.0
501,Serendipity,74.0,53,"Oct 5, 2001",Serendipity,28000000.0,"$50,255,310",77477297.0,49477297.0
502,Columbus,85.0,93,"Aug 4, 2017",Columbus,700000.0,"$1,017,107",1110511.0,410511.0
